date,n1,n2,n3,n4,serie,fraccion,source
2020-01-09,12345,23456,34567,45678,1,15,historical
2020-01-16,54321,65432,76543,87654,3,42,historical
2020-01-23,98765,87654,76543,65432,5,89,historical
2020-01-30,11111,22222,33333,44444,7,23,historical
2020-02-06,55555,66666,77777,88888,2,67,historical
2020-02-13,99999,11111,22222,33333,8,34,historical
2020-02-20,44444,55555,66666,77777,4,91,historical
2020-02-27,88888,99999,11111,22222,6,12,historical
2020-03-05,33333,44444,55555,66666,1,56,historical
2020-03-12,77777,88888,99999,11111,9,78,historical
2020-03-19,22222,33333,44444,55555,3,45,historical
2020-03-26,66666,77777,88888,99999,5,87,historical
2020-04-02,12121,23232,34343,45454,7,23,historical
2020-04-09,56565,67676,78787,89898,2,65,historical
2020-04-16,90909,10101,20202,30303,8,98,historical
2020-04-23,40404,50505,60606,70707,4,32,historical
2020-04-30,80808,90909,10101,20202,6,54,historical
2020-05-07,30303,40404,50505,60606,1,76,historical
2020-05-14,70707,80808,90909,10101,9,21,historical
2020-05-21,20202,30303,40404,50505,3,43,historical
2020-05-28,60606,70707,80808,90909,5,87,historical
2020-06-04,13131,24242,35353,46464,7,65,historical
2020-06-11,57575,68686,79797,80808,2,32,historical
2020-06-18,91919,10101,20202,30303,8,98,historical
2020-06-25,40404,50505,60606,70707,4,54,historical
2020-07-02,80808,90909,10101,20202,6,76,historical
2020-07-09,30303,40404,50505,60606,1,21,historical
2020-07-16,70707,80808,90909,10101,9,43,historical
2020-07-23,20202,30303,40404,50505,3,87,historical
2020-07-30,60606,70707,80808,90909,5,65,historical
2020-08-06,14141,25252,36363,47474,7,32,historical
2020-08-13,58585,69696,70707,81818,2,98,historical
2020-08-20,92929,10101,20202,30303,8,54,historical
2020-08-27,40404,50505,60606,70707,4,76,historical
2020-09-03,80808,90909,10101,20202,6,21,historical
2020-09-10,30303,40404,50505,60606,1,43,historical
2020-09-17,70707,80808,90909,10101,9,87,historical
2020-09-24,20202,30303,40404,50505,3,65,historical
2020-10-01,60606,70707,80808,90909,5,32,historical
2020-10-08,15151,26262,37373,48484,7,98,historical
2020-10-15,59595,60606,71717,82828,2,54,historical
2020-10-22,93939,10101,20202,30303,8,76,historical
2020-10-29,40404,50505,60606,70707,4,21,historical
2020-11-05,80808,90909,10101,20202,6,43,historical
2020-11-12,30303,40404,50505,60606,1,87,historical
2020-11-19,70707,80808,90909,10101,9,65,historical
2020-11-26,20202,30303,40404,50505,3,32,historical
2020-12-03,60606,70707,80808,90909,5,98,historical
2020-12-10,16161,27272,38383,49494,7,54,historical
2020-12-17,60606,71717,82828,93939,2,76,historical
2020-12-24,10101,20202,30303,40404,8,21,historical
2020-12-31,50505,60606,70707,80808,4,43,historical
2021-01-07,90909,10101,20202,30303,6,87,historical
2021-01-14,40404,50505,60606,70707,1,65,historical
2021-01-21,80808,90909,10101,20202,9,32,historical
2021-01-28,30303,40404,50505,60606,3,98,historical
2021-02-04,70707,80808,90909,10101,5,54,historical
2021-02-11,20202,30303,40404,50505,7,76,historical
2021-02-18,60606,70707,80808,90909,2,21,historical
2021-02-25,17171,28282,39393,40404,8,43,historical
2021-03-04,51515,62626,73737,84848,4,87,historical
2021-03-11,95959,10101,20202,30303,6,65,historical
2021-03-18,40404,50505,60606,70707,1,32,historical
2021-03-25,80808,90909,10101,20202,9,98,historical
2021-04-01,30303,40404,50505,60606,3,54,historical
2021-04-08,70707,80808,90909,10101,5,76,historical
2021-04-15,20202,30303,40404,50505,7,21,historical
2021-04-22,60606,70707,80808,90909,2,43,historical
2021-04-29,18181,29292,30303,41414,8,87,historical
2021-05-06,52525,63636,74747,85858,4,65,historical
2021-05-13,96969,10101,20202,30303,6,32,historical
2021-05-20,40404,50505,60606,70707,1,98,historical
2021-05-27,80808,90909,10101,20202,9,54,historical
2021-06-03,30303,40404,50505,60606,3,76,historical
2021-06-10,70707,80808,90909,10101,5,21,historical
2021-06-17,20202,30303,40404,50505,7,43,historical
2021-06-24,60606,70707,80808,90909,2,87,historical
2021-07-01,19191,20202,31313,42424,8,65,historical
2021-07-08,53535,64646,75757,86868,4,32,historical
2021-07-15,97979,10101,20202,30303,6,98,historical
2021-07-22,40404,50505,60606,70707,1,54,historical
2021-07-29,80808,90909,10101,20202,9,76,historical
2021-08-05,30303,40404,50505,60606,3,21,historical
2021-08-12,70707,80808,90909,10101,5,43,historical
2021-08-19,20202,30303,40404,50505,7,87,historical
2021-08-26,60606,70707,80808,90909,2,65,historical
2021-09-02,20202,31313,42424,53535,8,32,historical
2021-09-09,64646,75757,86868,97979,4,98,historical
2021-09-16,10101,20202,30303,40404,6,54,historical
2021-09-23,50505,60606,70707,80808,1,76,historical
2021-09-30,90909,10101,20202,30303,9,21,historical
2021-10-07,40404,50505,60606,70707,3,43,historical
2021-10-14,80808,90909,10101,20202,5,87,historical
2021-10-21,30303,40404,50505,60606,7,65,historical
2021-10-28,70707,80808,90909,10101,2,32,historical
2021-11-04,21212,32323,43434,54545,8,98,historical
2021-11-11,65656,76767,87878,98989,4,54,historical
2021-11-18,10101,20202,30303,40404,6,76,historical
2021-11-25,50505,60606,70707,80808,1,21,historical
2021-12-02,90909,10101,20202,30303,9,43,historical
2021-12-09,40404,50505,60606,70707,3,87,historical
2021-12-16,80808,90909,10101,20202,5,65,historical
2021-12-23,30303,40404,50505,60606,7,32,historical
2021-12-30,70707,80808,90909,10101,2,98,historical
2022-01-06,22222,33333,44444,55555,8,54,historical
2022-01-13,66666,77777,88888,99999,4,76,historical
2022-01-20,10101,20202,30303,40404,6,21,historical
2022-01-27,50505,60606,70707,80808,1,43,historical
2022-02-03,90909,10101,20202,30303,9,87,historical
2022-02-10,40404,50505,60606,70707,3,65,historical
2022-02-17,80808,90909,10101,20202,5,32,historical
2022-02-24,30303,40404,50505,60606,7,98,historical
2022-03-03,70707,80808,90909,10101,2,54,historical
2022-03-10,23232,34343,45454,56565,8,76,historical
2022-03-17,67676,78787,89898,90909,4,21,historical
2022-03-24,10101,20202,30303,40404,6,43,historical
2022-03-31,50505,60606,70707,80808,1,87,historical
2022-04-07,90909,10101,20202,30303,9,65,historical
2022-04-14,40404,50505,60606,70707,3,32,historical
2022-04-21,80808,90909,10101,20202,5,98,historical
2022-04-28,30303,40404,50505,60606,7,54,historical
2022-05-05,70707,80808,90909,10101,2,76,historical
2022-05-12,24242,35353,46464,57575,8,21,historical
2022-05-19,68686,79797,80808,91919,4,43,historical
2022-05-26,10101,20202,30303,40404,6,87,historical
2022-06-02,50505,60606,70707,80808,1,65,historical
2022-06-09,90909,10101,20202,30303,9,32,historical
2022-06-16,40404,50505,60606,70707,3,98,historical
2022-06-23,80808,90909,10101,20202,5,54,historical
2022-06-30,30303,40404,50505,60606,7,76,historical
2022-07-07,15023,45891,78234,95678,5,23,historical
2022-07-14,8912,34567,67890,12345,2,45,historical
2022-07-21,23456,78901,12345,67890,8,12,historical
2022-07-28,45678,90123,56789,78901,3,67,historical
2022-08-04,67890,12345,78901,23456,6,34,historical
2022-08-11,89012,34567,23456,56789,1,89,historical
2022-08-18,12345,56789,90123,34567,9,21,historical
2022-08-25,34567,78901,12346,45678,4,56,historical
2022-09-01,56789,90123,34568,67890,7,43,historical
2022-09-08,78901,23456,56790,89012,2,78,historical
2022-09-15,90123,45678,78912,12345,5,32,historical
2022-09-22,12346,67890,90124,34567,8,65,historical
2022-09-29,34568,89012,12357,45678,1,19,historical
2022-10-06,56790,12345,23457,67890,6,54,historical
2022-10-13,78912,34567,45679,89012,3,87,historical
2022-10-20,90124,56789,67891,12345,9,23,historical
2022-10-27,12357,78901,89013,34567,4,41,historical
2022-11-03,23457,90123,12358,45678,7,76,historical
2022-11-10,45679,12346,23458,67890,2,35,historical
2022-11-17,67891,34568,34569,78901,5,98,historical
2022-11-24,89013,56790,45680,12345,8,62,historical
2022-12-01,12358,78912,56791,67890,1,14,historical
2022-12-08,23458,90124,67892,78901,6,47,historical
2022-12-15,34569,12357,78913,89012,3,83,historical
2022-12-22,45680,23457,90125,34567,9,29,historical
2022-12-29,56791,34568,12359,45678,4,71,historical
2023-01-05,67892,45679,23459,67890,7,16,historical
2023-01-12,78913,56790,34570,12345,2,94,historical
2023-01-19,90125,67891,45681,78901,5,38,historical
2023-01-26,12359,78912,56792,23456,8,61,historical
2023-02-02,23459,89013,67893,45678,1,27,historical
2023-02-09,34570,12358,78914,67890,6,59,historical
2023-02-16,45681,23458,90126,89012,3,85,historical
2023-02-23,56792,34569,12360,34567,9,42,historical
2023-03-02,67893,45680,23460,78901,4,74,historical
2023-03-09,78914,56791,34571,12345,7,18,historical
2023-03-16,90126,67892,45682,67890,2,96,historical
2023-03-23,12360,78913,56793,89012,5,31,historical
2023-03-30,23460,89014,67894,34567,8,68,historical
2023-04-06,34571,12359,78915,45678,1,53,historical
2023-04-13,45682,23459,90127,67890,6,25,historical
2023-04-20,56793,45680,12361,89012,3,97,historical
2023-04-27,67894,56791,23462,78901,9,44,historical
2023-05-04,78915,67892,34572,12345,4,77,historical
2023-05-11,90127,78913,45683,67890,7,19,historical
2023-05-18,12361,89014,56794,23456,2,86,historical
2023-05-25,23462,90125,67895,34567,5,38,historical
2023-06-01,34572,12360,78916,89012,8,62,historical
2023-06-08,45683,23460,90128,45678,1,54,historical
2023-06-15,56794,45681,23462,67890,6,29,historical
2023-06-22,67895,56792,34573,89012,3,95,historical
2023-06-29,78916,67893,45684,34567,9,41,historical
2023-07-06,90128,78914,56795,12345,4,73,historical
2023-07-13,12362,89015,67896,67890,7,17,historical
2023-07-20,23462,90126,78917,89012,2,89,historical
2023-07-27,34573,12361,90129,78901,5,35,historical
2023-08-03,45684,23461,56796,23456,8,68,historical
2023-08-10,56795,45682,23463,67890,1,42,historical
2023-08-17,67896,56793,34574,89012,6,81,historical
2023-08-24,78917,67894,45685,34567,3,54,historical
2023-08-31,90129,78915,56797,45678,9,27,historical
2023-09-07,12363,89016,67897,67890,4,93,historical
2023-09-14,23463,90127,78918,89012,7,39,historical
2023-09-21,34574,12362,90130,23456,2,65,historical
2023-09-28,45685,23462,56800,78901,5,18,historical
2023-10-05,56797,45683,23464,89012,8,87,historical
2023-10-12,67897,56794,34575,45678,1,46,historical
2023-10-19,78918,67895,45686,67890,6,79,historical
2023-10-26,90130,78916,56799,89012,3,32,historical
2023-11-02,12364,89017,67898,34567,9,68,historical
2023-11-09,23464,90128,78919,12345,4,95,historical
2023-11-16,34575,12363,90131,67890,7,51,historical
2023-11-23,45686,23463,56802,89012,2,24,historical
2023-11-30,56798,45684,23465,78901,5,83,historical
2023-12-07,67898,56795,34576,23456,8,47,historical
2023-12-14,78919,67896,45687,67890,1,79,historical
2023-12-21,90131,78917,56801,89012,6,36,historical
2023-12-28,12365,89018,67899,45678,3,92,historical
2024-01-04,23465,90129,78920,34567,9,58,historical
2024-01-11,34576,12364,90132,67890,4,21,historical
2024-01-18,45687,23464,56803,89012,7,84,historical
2024-01-25,56799,45685,23466,78901,2,49,historical
2024-02-01,67899,56796,34577,23456,5,76,historical
2024-02-08,78920,67897,45688,67890,8,33,historical
2024-02-15,90132,78918,56803,89012,1,97,historical
2024-02-22,12366,89019,67900,45678,6,65,historical
2024-02-29,23466,90130,78921,34567,3,42,historical
2024-03-07,34577,12365,90133,67890,9,78,historical
2024-03-14,45688,23465,56804,89012,4,15,historical
2024-03-21,56800,45686,23467,78901,7,89,historical
2024-03-28,67900,56797,34578,23456,2,56,historical
2024-04-04,78921,67898,45689,67890,5,34,historical
2024-04-11,90133,78919,56805,89012,8,71,historical
2024-04-18,12367,89020,67901,45678,1,28,historical
2024-04-25,23467,90131,78922,34567,6,93,historical
2024-05-02,34578,12366,90134,67890,3,47,historical
2024-05-09,45689,23466,56806,89012,9,85,historical
2024-05-16,56801,45687,23468,78901,4,39,historical
2024-05-23,67901,56798,34579,23456,7,72,historical
2024-05-30,78922,67899,45690,67890,2,54,historical
2024-06-06,90134,78920,56807,89012,5,26,historical
2024-06-13,12368,89021,67902,45678,8,98,historical
2024-06-20,23468,90132,78923,34567,1,61,historical
2024-06-27,34579,12367,90135,67890,6,44,historical
2024-07-04,45690,23467,56808,89012,3,87,historical
2024-07-11,56802,45688,23469,78901,9,35,historical
2024-07-18,67902,56799,34580,23456,4,58,historical
2024-07-25,78923,67900,45691,67890,7,91,historical